{"cameraMode":{"drawMode":0,"name":"Shaded","section":"Shading Mode"},"sceneLighting":true,"audioPlay":false,"sceneViewState":{"showFog":true,"showMaterialUpdate":false,"showSkybox":true,"showFlares":true,"showImageEffects":true,"showParticleSystems":true},"in2DMode":false,"pivot":{"x":2.0295639038085939,"y":1.5014891624450684,"z":1.4305157661437989},"rotation":{"x":0.14258025586605073,"y":-0.4759719967842102,"z":0.07852312177419663,"w":0.8642674088478088},"size":5.227134704589844,"orthographic":true}